Title,Price,Date
Harpa Women's A-Line Dress,594.00,2021-09-15
Harpa Women's A-Line Dress,594.00,2021-09-15
Harpa Women's A-Line Dress,594.00,2021-09-15
Harpa Women's A-Line Dress,594.00,2021-09-15
Harpa Women's A-Line Dress,594.00,2021-09-15
Harpa Women's A-Line Dress,594.00,2021-09-15
Harpa Women's A-Line Dress,594.00,2021-09-15
Harpa Women's A-Line Dress,594.00,2021-09-15
Harpa Women's A-Line Dress,594.00,2021-09-15
Harpa Women's A-Line Dress,594.00,2021-09-15
Harpa Women's A-Line Dress,594.00,2021-09-15
Harpa Women's A-Line Dress,594.00,2021-09-15
Harpa Women's A-Line Dress,594.00,2021-09-15
Harpa Women's A-Line Dress,594.00,2021-09-15
Harpa Women's A-Line Dress,594.00,2021-09-15
Harpa Women's A-Line Dress,594.00,2021-09-15
Harpa Women's A-Line Dress,594.00,2021-09-15
Harpa Women's A-Line Dress,594.00,2021-09-15
Harpa Women's A-Line Dress,594.00,2021-09-15
Harpa Women's A-Line Dress,594.00,2021-09-15
Harpa Women's A-Line Dress,594.00,2021-09-15
Harpa Women's A-Line Dress,594.00,2021-09-15
Harpa Women's A-Line Dress,594.00,2021-09-15
Harpa Women's A-Line Dress,594.00,2021-09-15
Harpa Women's A-Line Dress,594.00,2021-09-15
Harpa Women's A-Line Dress,594.00,2021-09-15
Harpa Women's A-Line Dress,594.00,2021-09-15
Harpa Women's A-Line Dress,594.00,2021-09-15
Harpa Women's A-Line Dress,594.00,2021-09-15
Harpa Women's A-Line Dress,594.00,2021-09-15
Harpa Women's A-Line Dress,594.00,2021-09-15
Harpa Women's A-Line Dress,594.00,2021-09-15
Harpa Women's A-Line Dress,594.00,2021-09-15
Harpa Women's A-Line Dress,594.00,2021-09-15
Harpa Women's A-Line Dress,594.00,2021-09-15
Harpa Women's A-Line Dress,594.00,2021-09-15
Harpa Women's A-Line Dress,594.00,2021-09-15
Harpa Women's A-Line Dress,594.00,2021-09-15
Harpa Women's A-Line Dress,594.00,2021-09-15
Harpa Women's A-Line Dress,594.00,2021-09-15
Harpa Women's A-Line Dress,594.00,2021-09-15
Harpa Women's A-Line Dress,594.00,2021-09-15
Harpa Women's A-Line Dress,594.00,2021-09-15
Harpa Women's A-Line Dress,594.00,2021-09-15
Harpa Women's A-Line Dress,594.00,2021-09-15
Harpa Women's A-Line Dress,594.00,2021-09-15
Harpa Women's A-Line Dress,594.00,2021-09-15
Harpa Women's A-Line Dress,594.00,2021-09-15
Harpa Women's A-Line Dress,594.00,2021-09-15
Harpa Women's A-Line Dress,594.00,2021-09-15
Harpa Women's A-Line Dress,594.00,2021-09-15
Harpa Women's A-Line Dress,594.00,2021-09-15
Harpa Women's A-Line Dress,594.00,2021-09-15
Harpa Women's A-Line Dress,594.00,2021-09-15
Harpa Women's A-Line Dress,594.00,2021-09-15
Harpa Women's A-Line Dress,594.00,2021-09-15
Harpa Women's A-Line Dress,594.00,2021-09-15
Harpa Women's A-Line Dress,594.00,2021-09-15
Harpa Women's A-Line Dress,594.00,2021-09-15
Harpa Women's A-Line Dress,594.00,2021-09-15
Harpa Women's A-Line Dress,594.00,2021-09-15
Harpa Women's A-Line Dress,594.00,2021-09-15
Harpa Women's A-Line Dress,594.00,2021-09-15
Harpa Women's A-Line Dress,594.00,2021-09-15
Harpa Women's A-Line Dress,594.00,2021-09-15
Harpa Women's A-Line Dress,594.00,2021-09-15
Harpa Women's A-Line Dress,594.00,2021-09-15
Harpa Women's A-Line Dress,594.00,2021-09-15
Harpa Women's A-Line Dress,594.00,2021-09-15
Harpa Women's A-Line Dress,594.00,2021-09-15
Harpa Women's A-Line Dress,594.00,2021-09-15
Harpa Women's A-Line Dress,594.00,2021-09-15
Harpa Women's A-Line Dress,594.00,2021-09-15
Harpa Women's A-Line Dress,594.00,2021-09-15
Harpa Women's A-Line Dress,594.00,2021-09-15
Harpa Women's A-Line Dress,594.00,2021-09-15
Harpa Women's A-Line Dress,594.00,2021-09-15
Harpa Women's A-Line Dress,594.00,2021-09-15
Harpa Women's A-Line Dress,594.00,2021-09-15
Harpa Women's A-Line Dress,594.00,2021-09-15
Harpa Women's A-Line Dress,594.00,2021-09-15
Harpa Women's A-Line Dress,594.00,2021-09-15
Harpa Women's A-Line Dress,594.00,2021-09-15
Harpa Women's A-Line Dress,594.00,2021-09-15
Harpa Women's A-Line Dress,594.00,2021-09-15
Harpa Women's A-Line Dress,594.00,2021-09-15
Harpa Women's A-Line Dress,594.00,2021-09-15
Harpa Women's A-Line Dress,594.00,2021-09-15
Harpa Women's A-Line Dress,594.00,2021-09-15
Harpa Women's A-Line Dress,594.00,2021-09-15
Harpa Women's A-Line Dress,594.00,2021-09-15
Harpa Women's A-Line Dress,594.00,2021-09-15
Harpa Women's A-Line Dress,594.00,2021-09-15
Harpa Women's A-Line Dress,594.00,2021-09-15
Harpa Women's A-Line Dress,594.00,2021-09-15
Harpa Women's A-Line Dress,594.00,2021-09-15
Harpa Women's A-Line Dress,594.00,2021-09-15
Harpa Women's A-Line Dress,594.00,2021-09-15
Harpa Women's A-Line Dress,594.00,2021-09-15
Harpa Women's A-Line Dress,594.00,2021-09-15
Harpa Women's A-Line Dress,594.00,2021-09-15
Harpa Women's A-Line Dress,594.00,2021-09-15
Harpa Women's A-Line Dress,594.00,2021-09-15
Harpa Women's A-Line Dress,594.00,2021-09-15
Harpa Women's A-Line Dress,594.00,2021-09-15
Harpa Women's A-Line Dress,594.00,2021-09-15
Harpa Women's A-Line Dress,594.00,2021-09-15
Harpa Women's A-Line Dress,594.00,2021-09-15
Harpa Women's A-Line Dress,594.00,2021-09-15
Harpa Women's A-Line Dress,594.00,2021-09-15
Harpa Women's A-Line Dress,594.00,2021-09-15
Harpa Women's A-Line Dress,594.00,2021-09-15
Harpa Women's A-Line Dress,594.00,2021-09-15
Harpa Women's A-Line Dress,594.00,2021-09-15
Harpa Women's A-Line Dress,594.00,2021-09-15
Harpa Women's A-Line Dress,594.00,2021-09-15
Harpa Women's A-Line Dress,594.00,2021-09-15
Harpa Women's A-Line Dress,594.00,2021-09-15
Harpa Women's A-Line Dress,594.00,2021-09-15
Harpa Women's A-Line Dress,594.00,2021-09-15
Harpa Women's A-Line Dress,594.00,2021-09-15
Harpa Women's A-Line Dress,594.00,2021-09-15
Harpa Women's A-Line Dress,594.00,2021-09-15
Harpa Women's A-Line Dress,594.00,2021-09-15
Harpa Women's A-Line Dress,594.00,2021-09-15
Harpa Women's A-Line Dress,594.00,2021-09-15
Harpa Women's A-Line Dress,594.00,2021-09-15
Harpa Women's A-Line Dress,594.00,2021-09-15
Harpa Women's A-Line Dress,594.00,2021-09-15
Harpa Women's A-Line Dress,594.00,2021-09-15
Harpa Women's A-Line Dress,594.00,2021-09-15
Harpa Women's A-Line Dress,594.00,2021-09-15
Harpa Women's A-Line Dress,594.00,2021-09-15
Harpa Women's A-Line Dress,594.00,2021-09-15
Harpa Women's A-Line Dress,594.00,2021-09-15
Harpa Women's A-Line Dress,594.00,2021-09-15
Harpa Women's A-Line Dress,594.00,2021-09-15
Harpa Women's A-Line Dress,594.00,2021-09-15
Harpa Women's A-Line Dress,594.00,2021-09-15
Harpa Women's A-Line Dress,594.00,2021-09-15
Harpa Women's A-Line Dress,594.00,2021-09-15
Harpa Women's A-Line Dress,594.00,2021-09-15
Harpa Women's A-Line Dress,594.00,2021-09-15
Harpa Women's A-Line Dress,594.00,2021-09-15
Harpa Women's A-Line Dress,594.00,2021-09-15
Harpa Women's A-Line Dress,594.00,2021-09-15
Harpa Women's A-Line Dress,594.00,2021-09-15
Harpa Women's A-Line Dress,594.00,2021-09-15
Harpa Women's A-Line Dress,594.00,2021-09-15
Harpa Women's A-Line Dress,594.00,2021-09-15
Harpa Women's A-Line Dress,594.00,2021-09-15
Harpa Women's A-Line Dress,594.00,2021-09-15
Harpa Women's A-Line Dress,594.00,2021-09-15
Harpa Women's A-Line Dress,594.00,2021-09-15
Harpa Women's A-Line Dress,594.00,2021-09-15
Harpa Women's A-Line Dress,594.00,2021-09-15
Harpa Women's A-Line Dress,594.00,2021-09-15
Harpa Women's A-Line Dress,594.00,2021-09-15
Harpa Women's A-Line Dress,594.00,2021-09-15
Harpa Women's A-Line Dress,594.00,2021-09-15
Harpa Women's A-Line Dress,594.00,2021-09-15
Harpa Women's A-Line Dress,594.00,2021-09-15
Harpa Women's A-Line Dress,594.00,2021-09-15
Harpa Women's A-Line Dress,594.00,2021-09-15
Harpa Women's A-Line Dress,594.00,2021-09-15
Harpa Women's A-Line Dress,594.00,2021-09-15
Harpa Women's A-Line Dress,594.00,2021-09-15
Harpa Women's A-Line Dress,594.00,2021-09-15
Harpa Women's A-Line Dress,594.00,2021-09-15
Harpa Women's A-Line Dress,594.00,2021-09-15
Harpa Women's A-Line Dress,594.00,2021-09-15
Harpa Women's A-Line Dress,594.00,2021-09-15
Harpa Women's A-Line Dress,594.00,2021-09-15
Harpa Women's A-Line Dress,594.00,2021-09-15
Harpa Women's A-Line Dress,594.00,2021-09-15
Harpa Women's A-Line Dress,594.00,2021-09-15
Harpa Women's A-Line Dress,594.00,2021-09-15
Harpa Women's A-Line Dress,594.00,2021-09-15
Harpa Women's A-Line Dress,594.00,2021-09-15
Harpa Women's A-Line Dress,594.00,2021-09-15
Harpa Women's A-Line Dress,594.00,2021-09-15
Harpa Women's A-Line Dress,594.00,2021-09-15
Harpa Women's A-Line Dress,594.00,2021-09-15
Harpa Women's A-Line Dress,594.00,2021-09-15
Harpa Women's A-Line Dress,594.00,2021-09-15
Harpa Women's A-Line Dress,594.00,2021-09-15
Harpa Women's A-Line Dress,594.00,2021-09-15
Harpa Women's A-Line Dress,594.00,2021-09-15
Harpa Women's A-Line Dress,594.00,2021-09-15
Harpa Women's A-Line Dress,594.00,2021-09-15
Harpa Women's A-Line Dress,594.00,2021-09-15
Harpa Women's A-Line Dress,594.00,2021-09-15
Harpa Women's A-Line Dress,594.00,2021-09-15
Harpa Women's A-Line Dress,594.00,2021-09-15
Harpa Women's A-Line Dress,594.00,2021-09-15
Harpa Women's A-Line Dress,594.00,2021-09-15
Harpa Women's A-Line Dress,594.00,2021-09-15
Harpa Women's A-Line Dress,594.00,2021-09-15
Harpa Women's A-Line Dress,594.00,2021-09-15
Harpa Women's A-Line Dress,594.00,2021-09-15
Harpa Women's A-Line Dress,594.00,2021-09-15
Harpa Women's A-Line Dress,594.00,2021-09-15
Harpa Women's A-Line Dress,594.00,2021-09-15
Harpa Women's A-Line Dress,594.00,2021-09-15
Harpa Women's A-Line Dress,594.00,2021-09-15
Harpa Women's A-Line Dress,594.00,2021-09-15
Harpa Women's A-Line Dress,594.00,2021-09-15
Harpa Women's A-Line Dress,594.00,2021-09-15
Harpa Women's A-Line Dress,594.00,2021-09-15
Harpa Women's A-Line Dress,594.00,2021-09-15
Harpa Women's A-Line Dress,594.00,2021-09-15
Harpa Women's A-Line Dress,594.00,2021-09-15
Harpa Women's A-Line Dress,594.00,2021-09-15
Harpa Women's A-Line Dress,594.00,2021-09-15
